{
  "name": "NB keep spaces | L30",
  "n_test": 6000,
  "labels": [
    "en",
    "de",
    "fr",
    "es",
    "it",
    "tr",
    "nl",
    "sv",
    "pl",
    "ru",
    "ar",
    "zh"
  ],
  "accuracy": 0.9581666666666667,
  "macro_f1": 0.9585770035460898,
  "confusion_matrix": [
    [
      483,
      1,
      2,
      1,
      6,
      1,
      2,
      1,
      3,
      0,
      0,
      0
    ],
    [
      7,
      473,
      8,
      5,
      0,
      1,
      2,
      1,
      3,
      0,
      0,
      0
    ],
    [
      4,
      3,
      487,
      2,
      2,
      0,
      2,
      0,
      0,
      0,
      0,
      0
    ],
    [
      9,
      1,
      2,
      480,
      4,
      0,
      2,
      0,
      1,
      0,
      1,
      0
    ],
    [
      6,
      4,
      2,
      1,
      474,
      7,
      2,
      2,
      2,
      0,
      0,
      0
    ],
    [
      29,
      2,
      2,
      3,
      3,
      455,
      2,
      1,
      3,
      0,
      0,
      0
    ],
    [
      23,
      7,
      6,
      3,
      6,
      1,
      453,
      0,
      1,
      0,
      0,
      0
    ],
    [
      4,
      4,
      1,
      3,
      2,
      0,
      0,
      485,
      1,
      0,
      0,
      0
    ],
    [
      7,
      2,
      2,
      3,
      4,
      0,
      2,
      1,
      479,
      0,
      0,
      0
    ],
    [
      1,
      1,
      0,
      0,
      1,
      0,
      0,
      0,
      0,
      497,
      0,
      0
    ],
    [
      1,
      0,
      1,
      0,
      0,
      0,
      0,
      0,
      0,
      0,
      498,
      0
    ],
    [
      9,
      0,
      0,
      0,
      1,
      0,
      2,
      1,
      1,
      1,
      0,
      485
    ]
  ]
}