{
  "name": "NB keep spaces | L20",
  "n_test": 6000,
  "labels": [
    "en",
    "de",
    "fr",
    "es",
    "it",
    "tr",
    "nl",
    "sv",
    "pl",
    "ru",
    "ar",
    "zh"
  ],
  "accuracy": 0.9201666666666667,
  "macro_f1": 0.920166361652826,
  "confusion_matrix": [
    [
      473,
      3,
      3,
      3,
      5,
      4,
      4,
      2,
      3,
      0,
      0,
      0
    ],
    [
      8,
      467,
      5,
      6,
      1,
      0,
      5,
      2,
      6,
      0,
      0,
      0
    ],
    [
      10,
      3,
      478,
      1,
      6,
      1,
      1,
      0,
      0,
      0,
      0,
      0
    ],
    [
      10,
      3,
      9,
      466,
      7,
      2,
      2,
      0,
      0,
      0,
      1,
      0
    ],
    [
      10,
      4,
      4,
      2,
      463,
      7,
      2,
      6,
      2,
      0,
      0,
      0
    ],
    [
      33,
      3,
      4,
      9,
      9,
      433,
      6,
      1,
      2,
      0,
      0,
      0
    ],
    [
      32,
      16,
      19,
      18,
      26,
      3,
      380,
      5,
      1,
      0,
      0,
      0
    ],
    [
      14,
      8,
      7,
      19,
      23,
      4,
      5,
      413,
      7,
      0,
      0,
      0
    ],
    [
      8,
      5,
      3,
      7,
      4,
      0,
      4,
      2,
      467,
      0,
      0,
      0
    ],
    [
      3,
      0,
      0,
      0,
      2,
      0,
      0,
      0,
      0,
      495,
      0,
      0
    ],
    [
      0,
      0,
      1,
      1,
      0,
      0,
      0,
      0,
      0,
      0,
      498,
      0
    ],
    [
      6,
      1,
      1,
      0,
      1,
      1,
      0,
      0,
      1,
      1,
      0,
      488
    ]
  ]
}