{
  "rows": [
    {
      "setting": "full",
      "L": null,
      "keep_acc": 0.991,
      "keep_f1": 0.9910610073622412,
      "drop_acc": 0.991,
      "drop_f1": 0.9910610073622412,
      "dacc_drop_minus_keep": 0.0,
      "df1_drop_minus_keep": 0.0
    },
    {
      "setting": "L20",
      "L": 20,
      "keep_acc": 0.9201666666666667,
      "keep_f1": 0.920166361652826,
      "drop_acc": 0.9201666666666667,
      "drop_f1": 0.920166361652826,
      "dacc_drop_minus_keep": 0.0,
      "df1_drop_minus_keep": 0.0
    },
    {
      "setting": "L30",
      "L": 30,
      "keep_acc": 0.9581666666666667,
      "keep_f1": 0.9585770035460898,
      "drop_acc": 0.9581666666666667,
      "drop_f1": 0.9585770035460898,
      "dacc_drop_minus_keep": 0.0,
      "df1_drop_minus_keep": 0.0
    }
  ]
}