{
  "name": "langid | lower=1 nfkc=1 punctdrop=1",
  "n_test": 6000,
  "labels": [
    "en",
    "de",
    "fr",
    "es",
    "it",
    "tr",
    "nl",
    "sv",
    "pl",
    "ru",
    "ar",
    "zh"
  ],
  "accuracy": 0.9863333333333333,
  "macro_f1": 0.9863876910408068,
  "confusion_matrix": [
    [
      500,
      0,
      0,
      0,
      0,
      0,
      0,
      0,
      0,
      0,
      0,
      0
    ],
    [
      4,
      485,
      6,
      1,
      0,
      0,
      0,
      0,
      1,
      3,
      0,
      0
    ],
    [
      2,
      0,
      496,
      2,
      0,
      0,
      0,
      0,
      0,
      0,
      0,
      0
    ],
    [
      7,
      0,
      2,
      489,
      2,
      0,
      0,
      0,
      0,
      0,
      0,
      0
    ],
    [
      8,
      1,
      0,
      0,
      477,
      13,
      0,
      0,
      0,
      1,
      0,
      0
    ],
    [
      5,
      0,
      0,
      0,
      0,
      495,
      0,
      0,
      0,
      0,
      0,
      0
    ],
    [
      5,
      2,
      5,
      0,
      0,
      0,
      488,
      0,
      0,
      0,
      0,
      0
    ],
    [
      0,
      1,
      0,
      0,
      0,
      0,
      0,
      499,
      0,
      0,
      0,
      0
    ],
    [
      2,
      2,
      0,
      0,
      0,
      0,
      0,
      0,
      495,
      1,
      0,
      0
    ],
    [
      1,
      0,
      0,
      0,
      0,
      0,
      0,
      0,
      0,
      499,
      0,
      0
    ],
    [
      1,
      0,
      1,
      0,
      0,
      0,
      0,
      0,
      0,
      0,
      498,
      0
    ],
    [
      2,
      0,
      0,
      0,
      0,
      0,
      0,
      0,
      0,
      1,
      0,
      497
    ]
  ]
}